MAE,RMSE,MAPE
2.6172836,5.161586284637451,627.906608581543
