MAE,RMSE,MAPE
1.6482025,3.21852970123291,3081.928253173828
