MAE,RMSE,MAPE
164.91177,342.8702087402344,488.53492736816406
